<?xml version="1.0" encoding="utf-8"?>
<databaseChangeLog
    xmlns="http://www.liquibase.org/xml/ns/dbchangelog"
    xmlns:ext="http://www.liquibase.org/xml/ns/dbchangelog-ext"
    xmlns:xsi="http://www.w3.org/2001/XMLSchema-instance"
    xsi:schemaLocation="http://www.liquibase.org/xml/ns/dbchangelog http://www.liquibase.org/xml/ns/dbchangelog/dbchangelog-3.8.xsd
                        http://www.liquibase.org/xml/ns/dbchangelog-ext http://www.liquibase.org/xml/ns/dbchangelog/dbchangelog-ext.xsd">

        <property name="autoIncrement" value="true"/>

    <!--
        Added the entity Exam.
    -->
    <changeSet id="20200323145500-1" author="jhipster">
        <createTable tableName="exam">
            <column name="id" type="bigint" autoIncrement="${autoIncrement}">
                <constraints primaryKey="true" nullable="false"/>
            </column>
            <column name="name" type="varchar(255)">
                <constraints nullable="true" />
            </column>
            <column name="count" type="integer">
                <constraints nullable="true" />
            </column>
            <column name="level" type="varchar(255)">
                <constraints nullable="true" />
            </column>
            <column name="is_active" type="boolean">
                <constraints nullable="true" />
            </column>
            <column name="time" type="varchar(255)">
                <constraints nullable="true" />
            </column>
            <!-- jhipster-needle-liquibase-add-column - JHipster will add columns here, do not remove-->
        </createTable>
    </changeSet>

    <changeSet id="20200323145500-1-relations" author="jhipster">

        <createTable tableName="exam_question">
            <column name="question_id" type="bigint">
                <constraints nullable="false"/>
            </column>
            <column name="exam_id" type="bigint">
                <constraints nullable="false"/>
            </column>
        </createTable>

        <addPrimaryKey columnNames="exam_id, question_id" tableName="exam_question"/>
        
    </changeSet>
    <!-- jhipster-needle-liquibase-add-changeset - JHipster will add changesets here, do not remove-->

    <!--
        Load sample data generated with Faker.js
        - This data can be easily edited using a CSV editor (or even MS Excel) and
          is located in the 'src/main/resources/config/liquibase/fake-data' directory
        - By default this data is applied when running with the JHipster 'dev' profile.
          This can be customized by adding or removing 'faker' in the 'spring.liquibase.contexts'
          Spring Boot configuration key.
    -->
    <changeSet id="20200323145500-1-data" author="jhipster" context="faker">
        <loadData
                  file="config/liquibase/fake-data/exam.csv"
                  separator=";"
                  tableName="exam">
            <column name="id" type="numeric"/>
            <column name="name" type="string"/>
            <column name="count" type="numeric"/>
            <column name="level" type="string"/>
            <column name="is_active" type="boolean"/>
            <column name="time" type="string"/>
            <!-- jhipster-needle-liquibase-add-loadcolumn - JHipster (and/or extensions) can add load columns here, do not remove-->
        </loadData>
    </changeSet>

</databaseChangeLog>
