<?xml version="1.1" encoding="UTF-8" standalone="no"?>
<databaseChangeLog xmlns="http://www.liquibase.org/xml/ns/dbchangelog" xmlns:ext="http://www.liquibase.org/xml/ns/dbchangelog-ext" xmlns:pro="http://www.liquibase.org/xml/ns/pro" xmlns:xsi="http://www.w3.org/2001/XMLSchema-instance" xsi:schemaLocation="http://www.liquibase.org/xml/ns/dbchangelog-ext http://www.liquibase.org/xml/ns/dbchangelog/dbchangelog-ext.xsd http://www.liquibase.org/xml/ns/pro http://www.liquibase.org/xml/ns/pro/liquibase-pro-3.8.xsd http://www.liquibase.org/xml/ns/dbchangelog http://www.liquibase.org/xml/ns/dbchangelog/dbchangelog-3.8.xsd">
    <changeSet author="kpmuh (generated)" id="1586157015206-1">
        <addColumn tableName="user_extra">
            <column name="user_id" type="bigint"/>
        </addColumn>
    </changeSet>
    <changeSet author="kpmuh (generated)" id="1586157015206-2">
        <addUniqueConstraint columnNames="user_id" constraintName="UC_USER_EXTRAUSER_ID_COL" tableName="user_extra"/>
    </changeSet>
    <changeSet author="kpmuh (generated)" id="1586157015206-3">
        <addForeignKeyConstraint baseColumnNames="user_extra_id" baseTableName="attended_exam" constraintName="FKb2fkoi0t0n9q8irewqbi7i8qc" deferrable="false" initiallyDeferred="false" referencedColumnNames="id" referencedTableName="user_extra" validate="true"/>
    </changeSet>
    <changeSet author="kpmuh (generated)" id="1586157015206-4">
        <addForeignKeyConstraint baseColumnNames="user_id" baseTableName="user_extra" constraintName="FKj6o22j2hl0suca5i7f77olhro" deferrable="false" initiallyDeferred="false" referencedColumnNames="id" referencedTableName="jhi_user" validate="true"/>
    </changeSet>
    <changeSet author="kpmuh (generated)" id="1586157015206-5">
        <addForeignKeyConstraint baseColumnNames="exam_id" baseTableName="attended_exam" constraintName="FKorls1yrqm4gmjyvvvs9hqya5g" deferrable="false" initiallyDeferred="false" referencedColumnNames="id" referencedTableName="exam" validate="true"/>
    </changeSet>
</databaseChangeLog>
