<?xml version="1.0" encoding="utf-8"?>
<databaseChangeLog
    xmlns="http://www.liquibase.org/xml/ns/dbchangelog"
    xmlns:xsi="http://www.w3.org/2001/XMLSchema-instance"
    xsi:schemaLocation="http://www.liquibase.org/xml/ns/dbchangelog http://www.liquibase.org/xml/ns/dbchangelog/dbchangelog-3.8.xsd">

    <property name="now" value="now()" dbms="h2"/>
    <property name="now" value="now()" dbms="mysql"/>

    <property name="floatType" value="float4" dbms="postgresql, h2"/>
    <property name="floatType" value="float" dbms="mysql, oracle, mssql, mariadb"/>
    <property name="clobType" value="clob" dbms="h2"/>
    <property name="clobType" value="clob" dbms="mysql, oracle, mssql, mariadb, postgresql"/>
    <property name="uuidType" value="varchar(36)" dbms="h2, mysql, mariadb"/>

    <include file="config/liquibase/changelog/00000000000000_initial_schema.xml" relativeToChangelogFile="false"/>
    <include file="config/liquibase/changelog/20200323145100_added_entity_Question.xml" relativeToChangelogFile="false"/>
    <include file="config/liquibase/changelog/20200323145200_added_entity_QstnOption.xml" relativeToChangelogFile="false"/>
    <include file="config/liquibase/changelog/20200323145500_added_entity_Exam.xml" relativeToChangelogFile="false"/>
    <include file="config/liquibase/changelog/20200323145600_added_entity_AttendedExam.xml" relativeToChangelogFile="false"/>
    <include file="config/liquibase/changelog/20200407085900_added_entity_AttendedOption.xml" relativeToChangelogFile="false"/>
    <!-- jhipster-needle-liquibase-add-changelog - JHipster will add liquibase changelogs here -->
    <include file="config/liquibase/changelog/20200323145200_added_entity_constraints_QstnOption.xml" relativeToChangelogFile="false"/>
    <include file="config/liquibase/changelog/20200323145500_added_entity_constraints_Exam.xml" relativeToChangelogFile="false"/>
    <include file="config/liquibase/changelog/20200323145100_added_entity_constraints_Question.xml" relativeToChangelogFile="false"/>
    <include file="config/liquibase/changelog/20200323145600_added_entity_constraints_AttendedExam.xml" relativeToChangelogFile="false"/>
    <include file="config/liquibase/changelog/20200407085900_added_entity_constraints_AttendedOption.xml" relativeToChangelogFile="false"/>
    <!-- jhipster-needle-liquibase-add-constraints-changelog - JHipster will add liquibase constraints changelogs here -->
</databaseChangeLog>
